hour_start,REGIONID,avg_net_interchange_mw
2026-03-02 04:00:00,NSW1,-939.8
2026-03-02 04:00:00,QLD1,398.46
2026-03-02 04:00:00,SA1,2.67
2026-03-02 04:00:00,TAS1,-60.0
2026-03-02 04:00:00,VIC1,658.19
2026-03-02 05:00:00,NSW1,-903.15
2026-03-02 05:00:00,QLD1,386.34
2026-03-02 05:00:00,SA1,11.95
2026-03-02 05:00:00,TAS1,-15.0
2026-03-02 05:00:00,VIC1,572.89
2026-03-02 06:00:00,NSW1,-1094.71
2026-03-02 06:00:00,QLD1,608.28
2026-03-02 06:00:00,SA1,60.88
2026-03-02 06:00:00,TAS1,-0.19
2026-03-02 06:00:00,VIC1,490.76
2026-03-02 07:00:00,NSW1,-713.44
2026-03-02 07:00:00,QLD1,641.79
2026-03-02 07:00:00,SA1,-50.2
2026-03-02 07:00:00,TAS1,0.0
2026-03-02 07:00:00,VIC1,148.32
2026-03-02 08:00:00,NSW1,-328.79
2026-03-02 08:00:00,QLD1,561.34
2026-03-02 08:00:00,SA1,-54.82
2026-03-02 08:00:00,TAS1,0.0
2026-03-02 08:00:00,VIC1,-163.58
2026-03-02 09:00:00,NSW1,-255.33
2026-03-02 09:00:00,QLD1,575.43
2026-03-02 09:00:00,SA1,63.64
2026-03-02 09:00:00,TAS1,12.24
2026-03-02 09:00:00,VIC1,-377.5
2026-03-02 10:00:00,NSW1,-185.7
2026-03-02 10:00:00,QLD1,584.71
2026-03-02 10:00:00,SA1,9.64
2026-03-02 10:00:00,TAS1,0.96
2026-03-02 10:00:00,VIC1,-389.75
2026-03-02 11:00:00,NSW1,-177.33
2026-03-02 11:00:00,QLD1,591.82
2026-03-02 11:00:00,SA1,-55.5
2026-03-02 11:00:00,TAS1,-2.54
2026-03-02 11:00:00,VIC1,-337.89
2026-03-02 12:00:00,NSW1,-264.84
2026-03-02 12:00:00,QLD1,645.55
2026-03-02 12:00:00,SA1,-296.41
2026-03-02 12:00:00,TAS1,-50.66
2026-03-02 12:00:00,VIC1,-9.5
2026-03-02 13:00:00,NSW1,-588.11
2026-03-02 13:00:00,QLD1,647.24
2026-03-02 13:00:00,SA1,-236.12
2026-03-02 13:00:00,TAS1,-60.0
2026-03-02 13:00:00,VIC1,263.13
2026-03-02 14:00:00,NSW1,-857.25
2026-03-02 14:00:00,QLD1,662.33
2026-03-02 14:00:00,SA1,-167.22
2026-03-02 14:00:00,TAS1,-40.0
2026-03-02 14:00:00,VIC1,448.93
2026-03-02 15:00:00,NSW1,-1362.45
2026-03-02 15:00:00,QLD1,838.17
2026-03-02 15:00:00,SA1,-189.41
2026-03-02 15:00:00,TAS1,-5.0
2026-03-02 15:00:00,VIC1,815.24
2026-03-02 16:00:00,NSW1,-1670.25
2026-03-02 16:00:00,QLD1,824.45
2026-03-02 16:00:00,SA1,-265.76
2026-03-02 16:00:00,TAS1,-0.7
2026-03-02 16:00:00,VIC1,1260.76
2026-03-02 17:00:00,NSW1,-1313.51
2026-03-02 17:00:00,QLD1,567.39
2026-03-02 17:00:00,SA1,-352.83
2026-03-02 17:00:00,TAS1,0.0
2026-03-02 17:00:00,VIC1,1204.0
2026-03-02 18:00:00,NSW1,-501.6
2026-03-02 18:00:00,QLD1,98.88
2026-03-02 18:00:00,SA1,-363.81
2026-03-02 18:00:00,TAS1,0.0
2026-03-02 18:00:00,VIC1,810.71
2026-03-02 19:00:00,NSW1,-688.29
2026-03-02 19:00:00,QLD1,117.22
2026-03-02 19:00:00,SA1,-414.47
2026-03-02 19:00:00,TAS1,0.0
2026-03-02 19:00:00,VIC1,1057.69
2026-03-02 20:00:00,NSW1,-520.72
2026-03-02 20:00:00,QLD1,368.33
2026-03-02 20:00:00,SA1,-505.3
2026-03-02 20:00:00,TAS1,0.0
2026-03-02 20:00:00,VIC1,687.19
2026-03-02 21:00:00,NSW1,-735.85
2026-03-02 21:00:00,QLD1,515.53
2026-03-02 21:00:00,SA1,-601.57
2026-03-02 21:00:00,TAS1,0.0
2026-03-02 21:00:00,VIC1,880.1
2026-03-02 22:00:00,NSW1,-891.9
2026-03-02 22:00:00,QLD1,547.29
2026-03-02 22:00:00,SA1,-649.96
2026-03-02 22:00:00,TAS1,0.0
2026-03-02 22:00:00,VIC1,1084.09
2026-03-02 23:00:00,NSW1,-1194.82
2026-03-02 23:00:00,QLD1,776.28
2026-03-02 23:00:00,SA1,-673.46
2026-03-02 23:00:00,TAS1,0.0
2026-03-02 23:00:00,VIC1,1218.84
2026-03-03 00:00:00,NSW1,-1304.26
2026-03-03 00:00:00,QLD1,863.68
2026-03-03 00:00:00,SA1,-687.12
2026-03-03 00:00:00,TAS1,0.0
2026-03-03 00:00:00,VIC1,1282.34
2026-03-03 01:00:00,NSW1,-1449.41
2026-03-03 01:00:00,QLD1,909.95
2026-03-03 01:00:00,SA1,-679.02
2026-03-03 01:00:00,TAS1,0.0
2026-03-03 01:00:00,VIC1,1398.86
2026-03-03 02:00:00,NSW1,-1511.03
2026-03-03 02:00:00,QLD1,908.67
2026-03-03 02:00:00,SA1,-672.44
2026-03-03 02:00:00,TAS1,0.0
2026-03-03 02:00:00,VIC1,1465.46
2026-03-03 03:00:00,NSW1,-1481.69
2026-03-03 03:00:00,QLD1,883.52
2026-03-03 03:00:00,SA1,-665.61
2026-03-03 03:00:00,TAS1,0.0
2026-03-03 03:00:00,VIC1,1443.94
2026-03-03 04:00:00,NSW1,-1167.15
2026-03-03 04:00:00,QLD1,890.56
2026-03-03 04:00:00,SA1,-668.7
2026-03-03 04:00:00,TAS1,-1.52
2026-03-03 04:00:00,VIC1,1080.53
2026-03-03 05:00:00,NSW1,-857.17
2026-03-03 05:00:00,QLD1,846.35
2026-03-03 05:00:00,SA1,-670.54
2026-03-03 05:00:00,TAS1,1.88
2026-03-03 05:00:00,VIC1,775.9
2026-03-03 06:00:00,NSW1,-971.12
2026-03-03 06:00:00,QLD1,976.77
2026-03-03 06:00:00,SA1,-646.57
2026-03-03 06:00:00,TAS1,23.87
2026-03-03 06:00:00,VIC1,719.01
2026-03-03 07:00:00,NSW1,-1012.69
2026-03-03 07:00:00,QLD1,1110.74
2026-03-03 07:00:00,SA1,-659.56
2026-03-03 07:00:00,TAS1,26.9
2026-03-03 07:00:00,VIC1,655.35
2026-03-03 08:00:00,NSW1,-865.32
2026-03-03 08:00:00,QLD1,1024.1
2026-03-03 08:00:00,SA1,-625.94
2026-03-03 08:00:00,TAS1,1.82
2026-03-03 08:00:00,VIC1,565.79
2026-03-03 09:00:00,NSW1,-1358.92
2026-03-03 09:00:00,QLD1,929.85
2026-03-03 09:00:00,SA1,-279.03
2026-03-03 09:00:00,TAS1,-49.7
2026-03-03 09:00:00,VIC1,881.53
2026-03-03 10:00:00,NSW1,-1668.54
2026-03-03 10:00:00,QLD1,861.1
2026-03-03 10:00:00,SA1,120.44
2026-03-03 10:00:00,TAS1,-124.78
2026-03-03 10:00:00,VIC1,1061.22
2026-03-03 11:00:00,NSW1,-1750.45
2026-03-03 11:00:00,QLD1,952.72
2026-03-03 11:00:00,SA1,216.04
2026-03-03 11:00:00,TAS1,-165.2
2026-03-03 11:00:00,VIC1,1059.7
2026-03-03 12:00:00,NSW1,-1626.74
2026-03-03 12:00:00,QLD1,843.38
2026-03-03 12:00:00,SA1,327.32
2026-03-03 12:00:00,TAS1,-144.68
2026-03-03 12:00:00,VIC1,910.65
2026-03-03 13:00:00,NSW1,-1748.58
2026-03-03 13:00:00,QLD1,923.15
2026-03-03 13:00:00,SA1,344.13
2026-03-03 13:00:00,TAS1,-158.57
2026-03-03 13:00:00,VIC1,978.81
2026-03-03 14:00:00,NSW1,-1807.84
2026-03-03 14:00:00,QLD1,960.14
2026-03-03 14:00:00,SA1,293.04
2026-03-03 14:00:00,TAS1,-147.88
2026-03-03 14:00:00,VIC1,1043.32
2026-03-03 15:00:00,NSW1,-1819.02
2026-03-03 15:00:00,QLD1,996.43
2026-03-03 15:00:00,SA1,269.92
2026-03-03 15:00:00,TAS1,-112.67
2026-03-03 15:00:00,VIC1,985.24
2026-03-03 16:00:00,NSW1,-1723.38
2026-03-03 16:00:00,QLD1,802.03
2026-03-03 16:00:00,SA1,302.42
2026-03-03 16:00:00,TAS1,-117.91
2026-03-03 16:00:00,VIC1,1013.3
2026-03-03 17:00:00,NSW1,-1204.59
2026-03-03 17:00:00,QLD1,294.03
2026-03-03 17:00:00,SA1,224.06
2026-03-03 17:00:00,TAS1,-17.86
2026-03-03 17:00:00,VIC1,885.43
2026-03-03 18:00:00,NSW1,-1080.96
2026-03-03 18:00:00,QLD1,137.74
2026-03-03 18:00:00,SA1,-293.45
2026-03-03 18:00:00,TAS1,-1.04
2026-03-03 18:00:00,VIC1,1386.04
2026-03-03 19:00:00,NSW1,-1072.02
2026-03-03 19:00:00,QLD1,172.8
2026-03-03 19:00:00,SA1,-520.57
2026-03-03 19:00:00,TAS1,-1.58
2026-03-03 19:00:00,VIC1,1563.22
2026-03-03 20:00:00,NSW1,-1056.77
2026-03-03 20:00:00,QLD1,243.1
2026-03-03 20:00:00,SA1,-572.58
2026-03-03 20:00:00,TAS1,0.0
2026-03-03 20:00:00,VIC1,1514.78
2026-03-03 21:00:00,NSW1,-1360.08
2026-03-03 21:00:00,QLD1,480.18
2026-03-03 21:00:00,SA1,-596.7
2026-03-03 21:00:00,TAS1,-1.36
2026-03-03 21:00:00,VIC1,1633.33
2026-03-03 22:00:00,NSW1,-1316.38
2026-03-03 22:00:00,QLD1,415.12
2026-03-03 22:00:00,SA1,-628.63
2026-03-03 22:00:00,TAS1,0.0
2026-03-03 22:00:00,VIC1,1695.21
2026-03-03 23:00:00,NSW1,-1333.53
2026-03-03 23:00:00,QLD1,687.32
2026-03-03 23:00:00,SA1,-635.8
2026-03-03 23:00:00,TAS1,-1.52
2026-03-03 23:00:00,VIC1,1422.71
2026-03-04 00:00:00,NSW1,-1387.17
2026-03-04 00:00:00,QLD1,786.56
2026-03-04 00:00:00,SA1,-719.35
2026-03-04 00:00:00,TAS1,0.0
2026-03-04 00:00:00,VIC1,1489.88
2026-03-04 01:00:00,NSW1,-1465.63
2026-03-04 01:00:00,QLD1,947.01
2026-03-04 01:00:00,SA1,-721.22
2026-03-04 01:00:00,TAS1,0.0
2026-03-04 01:00:00,VIC1,1422.71
2026-03-04 02:00:00,NSW1,-1363.95
2026-03-04 02:00:00,QLD1,878.53
2026-03-04 02:00:00,SA1,-700.35
2026-03-04 02:00:00,TAS1,-0.24
2026-03-04 02:00:00,VIC1,1348.05
2026-03-04 03:00:00,NSW1,-1307.83
2026-03-04 03:00:00,QLD1,837.03
2026-03-04 03:00:00,SA1,-663.91
2026-03-04 03:00:00,TAS1,0.0
2026-03-04 03:00:00,VIC1,1275.49
2026-03-04 04:00:00,NSW1,-1448.19
2026-03-04 04:00:00,QLD1,964.37
2026-03-04 04:00:00,SA1,-637.39
2026-03-04 04:00:00,TAS1,0.0
2026-03-04 04:00:00,VIC1,1277.32
2026-03-04 05:00:00,NSW1,-1379.09
2026-03-04 05:00:00,QLD1,846.96
2026-03-04 05:00:00,SA1,-475.85
2026-03-04 05:00:00,TAS1,0.0
2026-03-04 05:00:00,VIC1,1137.25
2026-03-04 06:00:00,NSW1,-1206.4
2026-03-04 06:00:00,QLD1,712.44
2026-03-04 06:00:00,SA1,-336.6
2026-03-04 06:00:00,TAS1,0.0
2026-03-04 06:00:00,VIC1,915.93
2026-03-04 07:00:00,NSW1,-1353.5
2026-03-04 07:00:00,QLD1,835.44
2026-03-04 07:00:00,SA1,-381.88
2026-03-04 07:00:00,TAS1,6.34
2026-03-04 07:00:00,VIC1,1031.89
2026-03-04 08:00:00,NSW1,-1476.74
2026-03-04 08:00:00,QLD1,822.74
2026-03-04 08:00:00,SA1,-135.27
2026-03-04 08:00:00,TAS1,0.0
2026-03-04 08:00:00,VIC1,985.47
2026-03-04 09:00:00,NSW1,-1564.58
2026-03-04 09:00:00,QLD1,758.11
2026-03-04 09:00:00,SA1,166.44
2026-03-04 09:00:00,TAS1,-131.19
2026-03-04 09:00:00,VIC1,1021.38
2026-03-04 10:00:00,NSW1,-1277.0
2026-03-04 10:00:00,QLD1,718.56
2026-03-04 10:00:00,SA1,324.71
2026-03-04 10:00:00,TAS1,-102.31
2026-03-04 10:00:00,VIC1,561.2
2026-03-04 11:00:00,NSW1,-842.88
2026-03-04 11:00:00,QLD1,545.03
2026-03-04 11:00:00,SA1,321.97
2026-03-04 11:00:00,TAS1,-132.33
2026-03-04 11:00:00,VIC1,260.13
2026-03-04 12:00:00,NSW1,-817.64
2026-03-04 12:00:00,QLD1,537.06
2026-03-04 12:00:00,SA1,275.88
2026-03-04 12:00:00,TAS1,-108.08
2026-03-04 12:00:00,VIC1,259.17
2026-03-04 13:00:00,NSW1,-739.94
2026-03-04 13:00:00,QLD1,569.38
2026-03-04 13:00:00,SA1,276.74
2026-03-04 13:00:00,TAS1,-106.95
2026-03-04 13:00:00,VIC1,128.65
2026-03-04 14:00:00,NSW1,-549.21
2026-03-04 14:00:00,QLD1,487.21
2026-03-04 14:00:00,SA1,248.94
2026-03-04 14:00:00,TAS1,-129.04
2026-03-04 14:00:00,VIC1,36.87
2026-03-04 15:00:00,NSW1,-378.61
2026-03-04 15:00:00,QLD1,356.36
2026-03-04 15:00:00,SA1,221.11
2026-03-04 15:00:00,TAS1,-166.74
2026-03-04 15:00:00,VIC1,52.78
2026-03-04 16:00:00,NSW1,17.52
2026-03-04 16:00:00,QLD1,463.07
2026-03-04 16:00:00,SA1,56.25
2026-03-04 16:00:00,TAS1,-220.62
2026-03-04 16:00:00,VIC1,-254.27
2026-03-04 17:00:00,NSW1,-764.17
2026-03-04 17:00:00,QLD1,375.8
2026-03-04 17:00:00,SA1,-83.86
2026-03-04 17:00:00,TAS1,-48.36
2026-03-04 17:00:00,VIC1,596.59
2026-03-04 18:00:00,NSW1,-992.85
2026-03-04 18:00:00,QLD1,541.12
2026-03-04 18:00:00,SA1,-429.17
2026-03-04 18:00:00,TAS1,-3.06
2026-03-04 18:00:00,VIC1,941.78
2026-03-04 19:00:00,NSW1,-1313.56
2026-03-04 19:00:00,QLD1,598.34
2026-03-04 19:00:00,SA1,-449.01
2026-03-04 19:00:00,TAS1,0.0
2026-03-04 19:00:00,VIC1,1269.69
2026-03-04 20:00:00,NSW1,-1209.39
2026-03-04 20:00:00,QLD1,539.05
2026-03-04 20:00:00,SA1,-391.66
2026-03-04 20:00:00,TAS1,0.0
2026-03-04 20:00:00,VIC1,1153.14
2026-03-04 21:00:00,NSW1,-1299.32
2026-03-04 21:00:00,QLD1,527.66
2026-03-04 21:00:00,SA1,-294.98
2026-03-04 21:00:00,TAS1,0.0
2026-03-04 21:00:00,VIC1,1174.74
2026-03-04 22:00:00,NSW1,-1301.15
2026-03-04 22:00:00,QLD1,736.15
2026-03-04 22:00:00,SA1,-305.34
2026-03-04 22:00:00,TAS1,0.0
2026-03-04 22:00:00,VIC1,965.01
2026-03-04 23:00:00,NSW1,-1222.52
2026-03-04 23:00:00,QLD1,1030.89
2026-03-04 23:00:00,SA1,-314.85
2026-03-04 23:00:00,TAS1,0.0
2026-03-04 23:00:00,VIC1,595.37
2026-03-05 00:00:00,NSW1,-1219.16
2026-03-05 00:00:00,QLD1,1092.24
2026-03-05 00:00:00,SA1,-472.01
2026-03-05 00:00:00,TAS1,0.0
2026-03-05 00:00:00,VIC1,709.19
2026-03-05 01:00:00,NSW1,-1209.95
2026-03-05 01:00:00,QLD1,1109.08
2026-03-05 01:00:00,SA1,-506.98
2026-03-05 01:00:00,TAS1,0.0
2026-03-05 01:00:00,VIC1,727.27
2026-03-05 02:00:00,NSW1,-1266.75
2026-03-05 02:00:00,QLD1,1143.94
2026-03-05 02:00:00,SA1,-574.56
2026-03-05 02:00:00,TAS1,2.21
2026-03-05 02:00:00,VIC1,833.01
2026-03-05 03:00:00,NSW1,-1127.86
2026-03-05 03:00:00,QLD1,1122.3
2026-03-05 03:00:00,SA1,-628.02
2026-03-05 03:00:00,TAS1,0.0
2026-03-05 03:00:00,VIC1,764.46
2026-03-05 04:00:00,NSW1,-1107.82
2026-03-05 04:00:00,QLD1,1089.39
2026-03-05 04:00:00,SA1,-653.15
2026-03-05 04:00:00,TAS1,0.0
2026-03-05 04:00:00,VIC1,799.81
2026-03-05 05:00:00,NSW1,-1194.55
2026-03-05 05:00:00,QLD1,1093.54
2026-03-05 05:00:00,SA1,-567.2
2026-03-05 05:00:00,TAS1,26.26
2026-03-05 05:00:00,VIC1,774.82
2026-03-05 06:00:00,NSW1,-899.72
2026-03-05 06:00:00,QLD1,859.77
2026-03-05 06:00:00,SA1,-454.26
2026-03-05 06:00:00,TAS1,120.41
2026-03-05 06:00:00,VIC1,475.8
2026-03-05 07:00:00,NSW1,-470.93
2026-03-05 07:00:00,QLD1,819.84
2026-03-05 07:00:00,SA1,-558.34
2026-03-05 07:00:00,TAS1,9.72
2026-03-05 07:00:00,VIC1,278.9
2026-03-05 08:00:00,NSW1,-573.64
2026-03-05 08:00:00,QLD1,720.81
2026-03-05 08:00:00,SA1,-440.27
2026-03-05 08:00:00,TAS1,-65.32
2026-03-05 08:00:00,VIC1,419.07
2026-03-05 09:00:00,NSW1,-495.52
2026-03-05 09:00:00,QLD1,667.93
2026-03-05 09:00:00,SA1,-291.06
2026-03-05 09:00:00,TAS1,-111.81
2026-03-05 09:00:00,VIC1,269.15
2026-03-05 10:00:00,NSW1,-610.65
2026-03-05 10:00:00,QLD1,742.61
2026-03-05 10:00:00,SA1,-207.16
2026-03-05 10:00:00,TAS1,-116.77
2026-03-05 10:00:00,VIC1,240.72
2026-03-05 11:00:00,NSW1,-469.64
2026-03-05 11:00:00,QLD1,597.53
2026-03-05 11:00:00,SA1,-296.65
2026-03-05 11:00:00,TAS1,-122.74
2026-03-05 11:00:00,VIC1,322.24
2026-03-05 12:00:00,NSW1,-63.88
2026-03-05 12:00:00,QLD1,196.31
2026-03-05 12:00:00,SA1,-286.19
2026-03-05 12:00:00,TAS1,-112.79
2026-03-05 12:00:00,VIC1,274.68
2026-03-05 13:00:00,NSW1,-482.15
2026-03-05 13:00:00,QLD1,626.12
2026-03-05 13:00:00,SA1,-210.59
2026-03-05 13:00:00,TAS1,-100.7
2026-03-05 13:00:00,VIC1,202.44
2026-03-05 14:00:00,NSW1,-388.99
2026-03-05 14:00:00,QLD1,611.05
2026-03-05 14:00:00,SA1,-188.54
2026-03-05 14:00:00,TAS1,-102.71
2026-03-05 14:00:00,VIC1,92.35
2026-03-05 15:00:00,NSW1,-316.45
2026-03-05 15:00:00,QLD1,571.8
2026-03-05 15:00:00,SA1,-124.72
2026-03-05 15:00:00,TAS1,-43.33
2026-03-05 15:00:00,VIC1,-79.27
2026-03-05 16:00:00,NSW1,-411.01
2026-03-05 16:00:00,QLD1,633.19
2026-03-05 16:00:00,SA1,-17.45
2026-03-05 16:00:00,TAS1,-86.68
2026-03-05 16:00:00,VIC1,-87.69
2026-03-05 17:00:00,NSW1,-607.9
2026-03-05 17:00:00,QLD1,567.42
2026-03-05 17:00:00,SA1,94.83
2026-03-05 17:00:00,TAS1,-37.02
2026-03-05 17:00:00,VIC1,11.21
2026-03-05 18:00:00,NSW1,-1261.17
2026-03-05 18:00:00,QLD1,679.69
2026-03-05 18:00:00,SA1,-118.83
2026-03-05 18:00:00,TAS1,83.02
2026-03-05 18:00:00,VIC1,698.55
2026-03-05 19:00:00,NSW1,-1379.72
2026-03-05 19:00:00,QLD1,582.83
2026-03-05 19:00:00,SA1,-235.84
2026-03-05 19:00:00,TAS1,3.76
2026-03-05 19:00:00,VIC1,1138.67
2026-03-05 20:00:00,NSW1,-1303.03
2026-03-05 20:00:00,QLD1,450.62
2026-03-05 20:00:00,SA1,-274.81
2026-03-05 20:00:00,TAS1,14.61
2026-03-05 20:00:00,VIC1,1233.76
2026-03-05 21:00:00,NSW1,-990.82
2026-03-05 21:00:00,QLD1,83.94
2026-03-05 21:00:00,SA1,-174.8
2026-03-05 21:00:00,TAS1,0.0
2026-03-05 21:00:00,VIC1,1212.76
2026-03-05 22:00:00,NSW1,-970.62
2026-03-05 22:00:00,QLD1,130.56
2026-03-05 22:00:00,SA1,-339.91
2026-03-05 22:00:00,TAS1,0.0
2026-03-05 22:00:00,VIC1,1302.28
2026-03-05 23:00:00,NSW1,-1095.44
2026-03-05 23:00:00,QLD1,325.12
2026-03-05 23:00:00,SA1,-363.92
2026-03-05 23:00:00,TAS1,0.0
2026-03-05 23:00:00,VIC1,1242.28
2026-03-06 00:00:00,NSW1,-1241.52
2026-03-06 00:00:00,QLD1,550.46
2026-03-06 00:00:00,SA1,-394.55
2026-03-06 00:00:00,TAS1,0.0
2026-03-06 00:00:00,VIC1,1194.0
2026-03-06 01:00:00,NSW1,-1368.52
2026-03-06 01:00:00,QLD1,742.4
2026-03-06 01:00:00,SA1,-418.16
2026-03-06 01:00:00,TAS1,0.0
2026-03-06 01:00:00,VIC1,1163.46
2026-03-06 02:00:00,NSW1,-1341.37
2026-03-06 02:00:00,QLD1,714.97
2026-03-06 02:00:00,SA1,-397.45
2026-03-06 02:00:00,TAS1,0.0
2026-03-06 02:00:00,VIC1,1140.68
2026-03-06 03:00:00,NSW1,-1333.26
2026-03-06 03:00:00,QLD1,778.92
2026-03-06 03:00:00,SA1,-336.91
2026-03-06 03:00:00,TAS1,0.0
2026-03-06 03:00:00,VIC1,1000.91
2026-03-06 04:00:00,NSW1,-1230.61
2026-03-06 04:00:00,QLD1,845.16
2026-03-06 04:00:00,SA1,-313.03
2026-03-06 04:00:00,TAS1,0.0
2026-03-06 04:00:00,VIC1,789.64
2026-03-06 05:00:00,NSW1,-1231.31
2026-03-06 05:00:00,QLD1,781.59
2026-03-06 05:00:00,SA1,-190.25
2026-03-06 05:00:00,TAS1,0.0
2026-03-06 05:00:00,VIC1,724.29
2026-03-06 06:00:00,NSW1,-1011.48
2026-03-06 06:00:00,QLD1,478.93
2026-03-06 06:00:00,SA1,-182.57
2026-03-06 06:00:00,TAS1,10.95
2026-03-06 06:00:00,VIC1,774.87
2026-03-06 07:00:00,NSW1,-120.78
2026-03-06 07:00:00,QLD1,342.84
2026-03-06 07:00:00,SA1,-668.82
2026-03-06 07:00:00,TAS1,-10.24
2026-03-06 07:00:00,VIC1,499.41
2026-03-06 08:00:00,NSW1,-101.53
2026-03-06 08:00:00,QLD1,260.67
2026-03-06 08:00:00,SA1,-449.84
2026-03-06 08:00:00,TAS1,-118.96
2026-03-06 08:00:00,VIC1,437.02
2026-03-06 09:00:00,NSW1,-308.71
2026-03-06 09:00:00,QLD1,484.56
2026-03-06 09:00:00,SA1,-371.01
2026-03-06 09:00:00,TAS1,-52.51
2026-03-06 09:00:00,VIC1,271.25
2026-03-06 10:00:00,NSW1,-433.05
2026-03-06 10:00:00,QLD1,681.51
2026-03-06 10:00:00,SA1,-400.62
2026-03-06 10:00:00,TAS1,-108.29
2026-03-06 10:00:00,VIC1,287.78
2026-03-06 11:00:00,NSW1,-433.71
2026-03-06 11:00:00,QLD1,692.52
2026-03-06 11:00:00,SA1,-373.16
2026-03-06 11:00:00,TAS1,-120.88
2026-03-06 11:00:00,VIC1,259.99
2026-03-06 12:00:00,NSW1,-537.51
2026-03-06 12:00:00,QLD1,718.99
2026-03-06 12:00:00,SA1,-370.41
2026-03-06 12:00:00,TAS1,-125.0
2026-03-06 12:00:00,VIC1,342.95
2026-03-06 13:00:00,NSW1,-578.04
2026-03-06 13:00:00,QLD1,814.82
2026-03-06 13:00:00,SA1,-331.56
2026-03-06 13:00:00,TAS1,-113.37
2026-03-06 13:00:00,VIC1,236.12
2026-03-06 14:00:00,NSW1,-332.72
2026-03-06 14:00:00,QLD1,519.35
2026-03-06 14:00:00,SA1,-329.23
2026-03-06 14:00:00,TAS1,-111.24
2026-03-06 14:00:00,VIC1,255.46
2026-03-06 15:00:00,NSW1,-215.78
2026-03-06 15:00:00,QLD1,377.95
2026-03-06 15:00:00,SA1,-373.64
2026-03-06 15:00:00,TAS1,-113.48
2026-03-06 15:00:00,VIC1,325.67
2026-03-06 16:00:00,NSW1,-63.97
2026-03-06 16:00:00,QLD1,152.24
2026-03-06 16:00:00,SA1,-324.66
2026-03-06 16:00:00,TAS1,-115.57
2026-03-06 16:00:00,VIC1,365.44
2026-03-06 17:00:00,NSW1,2.85
2026-03-06 17:00:00,QLD1,-129.44
2026-03-06 17:00:00,SA1,-237.33
2026-03-06 17:00:00,TAS1,-48.68
2026-03-06 17:00:00,VIC1,459.5
2026-03-06 18:00:00,NSW1,-586.74
2026-03-06 18:00:00,QLD1,82.43
2026-03-06 18:00:00,SA1,-468.77
2026-03-06 18:00:00,TAS1,0.0
2026-03-06 18:00:00,VIC1,1048.03
2026-03-06 19:00:00,NSW1,-775.77
2026-03-06 19:00:00,QLD1,101.14
2026-03-06 19:00:00,SA1,-367.6
2026-03-06 19:00:00,TAS1,0.0
2026-03-06 19:00:00,VIC1,1133.39
2026-03-06 20:00:00,NSW1,-937.87
2026-03-06 20:00:00,QLD1,141.46
2026-03-06 20:00:00,SA1,-153.84
2026-03-06 20:00:00,TAS1,0.0
2026-03-06 20:00:00,VIC1,1055.06
2026-03-06 21:00:00,NSW1,-734.68
2026-03-06 21:00:00,QLD1,53.41
2026-03-06 21:00:00,SA1,-171.01
2026-03-06 21:00:00,TAS1,0.0
2026-03-06 21:00:00,VIC1,937.39
2026-03-06 22:00:00,NSW1,-695.92
2026-03-06 22:00:00,QLD1,102.93
2026-03-06 22:00:00,SA1,-166.76
2026-03-06 22:00:00,TAS1,0.0
2026-03-06 22:00:00,VIC1,828.17
2026-03-06 23:00:00,NSW1,-775.67
2026-03-06 23:00:00,QLD1,338.66
2026-03-06 23:00:00,SA1,-247.29
2026-03-06 23:00:00,TAS1,0.0
2026-03-06 23:00:00,VIC1,732.23
2026-03-07 00:00:00,NSW1,-799.26
2026-03-07 00:00:00,QLD1,476.7
2026-03-07 00:00:00,SA1,-366.94
2026-03-07 00:00:00,TAS1,0.0
2026-03-07 00:00:00,VIC1,736.53
2026-03-07 01:00:00,NSW1,-899.3
2026-03-07 01:00:00,QLD1,627.72
2026-03-07 01:00:00,SA1,-415.74
2026-03-07 01:00:00,TAS1,0.0
2026-03-07 01:00:00,VIC1,746.86
2026-03-07 02:00:00,NSW1,-1015.99
2026-03-07 02:00:00,QLD1,599.34
2026-03-07 02:00:00,SA1,-361.98
2026-03-07 02:00:00,TAS1,0.0
2026-03-07 02:00:00,VIC1,850.67
2026-03-07 03:00:00,NSW1,-959.34
2026-03-07 03:00:00,QLD1,426.39
2026-03-07 03:00:00,SA1,-344.44
2026-03-07 03:00:00,TAS1,0.0
2026-03-07 03:00:00,VIC1,952.99
2026-03-07 04:00:00,NSW1,-998.0
2026-03-07 04:00:00,QLD1,291.48
2026-03-07 04:00:00,SA1,-196.59
2026-03-07 04:00:00,TAS1,0.0
2026-03-07 04:00:00,VIC1,993.7
2026-03-07 05:00:00,NSW1,-1242.54
2026-03-07 05:00:00,QLD1,337.56
2026-03-07 05:00:00,SA1,-309.57
2026-03-07 05:00:00,TAS1,0.0
2026-03-07 05:00:00,VIC1,1355.24
2026-03-07 06:00:00,NSW1,-1304.55
2026-03-07 06:00:00,QLD1,390.48
2026-03-07 06:00:00,SA1,-371.57
2026-03-07 06:00:00,TAS1,0.0
2026-03-07 06:00:00,VIC1,1431.42
2026-03-07 07:00:00,NSW1,-681.86
2026-03-07 07:00:00,QLD1,454.27
2026-03-07 07:00:00,SA1,-450.8
2026-03-07 07:00:00,TAS1,-76.54
2026-03-07 07:00:00,VIC1,828.14
2026-03-07 08:00:00,NSW1,-525.7
2026-03-07 08:00:00,QLD1,725.28
2026-03-07 08:00:00,SA1,-436.71
2026-03-07 08:00:00,TAS1,-87.79
2026-03-07 08:00:00,VIC1,384.92
2026-03-07 09:00:00,NSW1,-432.39
2026-03-07 09:00:00,QLD1,695.92
2026-03-07 09:00:00,SA1,-459.82
2026-03-07 09:00:00,TAS1,-91.31
2026-03-07 09:00:00,VIC1,332.51
2026-03-07 10:00:00,NSW1,-478.44
2026-03-07 10:00:00,QLD1,749.59
2026-03-07 10:00:00,SA1,-405.57
2026-03-07 10:00:00,TAS1,-102.65
2026-03-07 10:00:00,VIC1,277.78
2026-03-07 11:00:00,NSW1,-235.91
2026-03-07 11:00:00,QLD1,501.91
2026-03-07 11:00:00,SA1,-359.51
2026-03-07 11:00:00,TAS1,-115.64
2026-03-07 11:00:00,VIC1,223.06
2026-03-07 12:00:00,NSW1,-351.3
2026-03-07 12:00:00,QLD1,434.02
2026-03-07 12:00:00,SA1,-336.52
2026-03-07 12:00:00,TAS1,-95.73
2026-03-07 12:00:00,VIC1,372.64
2026-03-07 13:00:00,NSW1,-512.63
2026-03-07 13:00:00,QLD1,582.43
2026-03-07 13:00:00,SA1,-364.44
2026-03-07 13:00:00,TAS1,-134.2
2026-03-07 13:00:00,VIC1,458.46
2026-03-07 14:00:00,NSW1,-417.0
2026-03-07 14:00:00,QLD1,478.71
2026-03-07 14:00:00,SA1,-181.04
2026-03-07 14:00:00,TAS1,-217.72
2026-03-07 14:00:00,VIC1,365.35
2026-03-07 15:00:00,NSW1,73.08
2026-03-07 15:00:00,QLD1,96.41
2026-03-07 15:00:00,SA1,-180.98
2026-03-07 15:00:00,TAS1,-229.7
2026-03-07 15:00:00,VIC1,250.67
2026-03-07 16:00:00,NSW1,401.86
2026-03-07 16:00:00,QLD1,-79.09
2026-03-07 16:00:00,SA1,-406.92
2026-03-07 16:00:00,TAS1,-136.16
2026-03-07 16:00:00,VIC1,221.2
2026-03-07 17:00:00,NSW1,-169.52
2026-03-07 17:00:00,QLD1,-4.4
2026-03-07 17:00:00,SA1,-147.06
2026-03-07 17:00:00,TAS1,-127.2
2026-03-07 17:00:00,VIC1,520.92
2026-03-07 18:00:00,NSW1,-890.38
2026-03-07 18:00:00,QLD1,-104.83
2026-03-07 18:00:00,SA1,127.46
2026-03-07 18:00:00,TAS1,-123.3
2026-03-07 18:00:00,VIC1,1207.41
2026-03-07 19:00:00,NSW1,-762.46
2026-03-07 19:00:00,QLD1,-303.38
2026-03-07 19:00:00,SA1,212.37
2026-03-07 19:00:00,TAS1,-125.0
2026-03-07 19:00:00,VIC1,1220.5
2026-03-07 20:00:00,NSW1,-546.61
2026-03-07 20:00:00,QLD1,-498.35
2026-03-07 20:00:00,SA1,169.94
2026-03-07 20:00:00,TAS1,-125.76
2026-03-07 20:00:00,VIC1,1262.13
2026-03-07 21:00:00,NSW1,-632.26
2026-03-07 21:00:00,QLD1,-427.39
2026-03-07 21:00:00,SA1,170.56
2026-03-07 21:00:00,TAS1,-125.0
2026-03-07 21:00:00,VIC1,1265.87
2026-03-07 22:00:00,NSW1,-514.51
2026-03-07 22:00:00,QLD1,-489.4
2026-03-07 22:00:00,SA1,76.82
2026-03-07 22:00:00,TAS1,-125.0
2026-03-07 22:00:00,VIC1,1293.93
2026-03-07 23:00:00,NSW1,-580.46
2026-03-07 23:00:00,QLD1,-403.53
2026-03-07 23:00:00,SA1,300.55
2026-03-07 23:00:00,TAS1,-125.0
2026-03-07 23:00:00,VIC1,1028.46
2026-03-08 00:00:00,NSW1,-829.03
2026-03-08 00:00:00,QLD1,-173.95
2026-03-08 00:00:00,SA1,341.0
2026-03-08 00:00:00,TAS1,-125.0
2026-03-08 00:00:00,VIC1,981.32
2026-03-08 01:00:00,NSW1,-917.02
2026-03-08 01:00:00,QLD1,-96.05
2026-03-08 01:00:00,SA1,253.96
2026-03-08 01:00:00,TAS1,-119.26
2026-03-08 01:00:00,VIC1,1064.36
2026-03-08 02:00:00,NSW1,-881.66
2026-03-08 02:00:00,QLD1,-97.72
2026-03-08 02:00:00,SA1,208.93
2026-03-08 02:00:00,TAS1,-106.76
2026-03-08 02:00:00,VIC1,1056.56
2026-03-08 03:00:00,NSW1,-826.15
2026-03-08 03:00:00,QLD1,-135.67
2026-03-08 03:00:00,SA1,221.09
2026-03-08 03:00:00,TAS1,-80.63
2026-03-08 03:00:00,VIC1,1000.49
2026-03-08 04:00:00,NSW1,-705.55
2026-03-08 04:00:00,QLD1,-239.31
2026-03-08 04:00:00,SA1,159.06
2026-03-08 04:00:00,TAS1,-80.8
2026-03-08 04:00:00,VIC1,1046.85
2026-03-08 05:00:00,NSW1,-719.73
2026-03-08 05:00:00,QLD1,-244.24
2026-03-08 05:00:00,SA1,-1.73
2026-03-08 05:00:00,TAS1,-101.6
2026-03-08 05:00:00,VIC1,1254.82
2026-03-08 06:00:00,NSW1,-665.07
2026-03-08 06:00:00,QLD1,-291.38
2026-03-08 06:00:00,SA1,-25.01
2026-03-08 06:00:00,TAS1,-91.34
2026-03-08 06:00:00,VIC1,1256.51
2026-03-08 07:00:00,NSW1,434.73
2026-03-08 07:00:00,QLD1,-420.44
2026-03-08 07:00:00,SA1,-224.05
2026-03-08 07:00:00,TAS1,-112.11
2026-03-08 07:00:00,VIC1,383.5
2026-03-08 08:00:00,NSW1,844.47
2026-03-08 08:00:00,QLD1,-550.02
2026-03-08 08:00:00,SA1,-189.06
2026-03-08 08:00:00,TAS1,-241.43
2026-03-08 08:00:00,VIC1,198.22
2026-03-08 09:00:00,NSW1,992.03
2026-03-08 09:00:00,QLD1,-562.54
2026-03-08 09:00:00,SA1,-187.7
2026-03-08 09:00:00,TAS1,-374.49
2026-03-08 09:00:00,VIC1,194.94
2026-03-08 10:00:00,NSW1,1037.86
2026-03-08 10:00:00,QLD1,-573.55
2026-03-08 10:00:00,SA1,-270.1
2026-03-08 10:00:00,TAS1,-388.19
2026-03-08 10:00:00,VIC1,251.41
2026-03-08 11:00:00,NSW1,729.66
2026-03-08 11:00:00,QLD1,-578.18
2026-03-08 11:00:00,SA1,-277.64
2026-03-08 11:00:00,TAS1,-305.32
2026-03-08 11:00:00,VIC1,502.63
2026-03-08 12:00:00,NSW1,790.44
2026-03-08 12:00:00,QLD1,-574.9
2026-03-08 12:00:00,SA1,-130.42
2026-03-08 12:00:00,TAS1,-362.72
2026-03-08 12:00:00,VIC1,344.85
2026-03-08 13:00:00,NSW1,885.75
2026-03-08 13:00:00,QLD1,-581.19
2026-03-08 13:00:00,SA1,177.58
2026-03-08 13:00:00,TAS1,-352.65
2026-03-08 13:00:00,VIC1,-45.36
2026-03-08 14:00:00,NSW1,962.55
2026-03-08 14:00:00,QLD1,-608.85
2026-03-08 14:00:00,SA1,194.3
2026-03-08 14:00:00,TAS1,-339.15
2026-03-08 14:00:00,VIC1,-123.08
2026-03-08 15:00:00,NSW1,886.47
2026-03-08 15:00:00,QLD1,-567.18
2026-03-08 15:00:00,SA1,-67.9
2026-03-08 15:00:00,TAS1,-343.28
2026-03-08 15:00:00,VIC1,154.31
2026-03-08 16:00:00,NSW1,303.31
2026-03-08 16:00:00,QLD1,-14.31
2026-03-08 16:00:00,SA1,-308.01
2026-03-08 16:00:00,TAS1,-191.58
2026-03-08 16:00:00,VIC1,214.6
2026-03-08 17:00:00,NSW1,-246.13
2026-03-08 17:00:00,QLD1,-26.22
2026-03-08 17:00:00,SA1,-40.14
2026-03-08 17:00:00,TAS1,-88.8
2026-03-08 17:00:00,VIC1,487.01
2026-03-08 18:00:00,NSW1,-997.27
2026-03-08 18:00:00,QLD1,59.26
2026-03-08 18:00:00,SA1,-46.22
2026-03-08 18:00:00,TAS1,-0.77
2026-03-08 18:00:00,VIC1,1127.46
2026-03-08 19:00:00,NSW1,-1189.84
2026-03-08 19:00:00,QLD1,311.03
2026-03-08 19:00:00,SA1,-229.82
2026-03-08 19:00:00,TAS1,0.0
2026-03-08 19:00:00,VIC1,1220.74
2026-03-08 20:00:00,NSW1,-1152.2
2026-03-08 20:00:00,QLD1,232.9
2026-03-08 20:00:00,SA1,-164.47
2026-03-08 20:00:00,TAS1,-22.7
2026-03-08 20:00:00,VIC1,1233.42
2026-03-08 21:00:00,NSW1,-1112.24
2026-03-08 21:00:00,QLD1,181.41
2026-03-08 21:00:00,SA1,-148.82
2026-03-08 21:00:00,TAS1,-7.43
2026-03-08 21:00:00,VIC1,1220.4
2026-03-08 22:00:00,NSW1,-1109.74
2026-03-08 22:00:00,QLD1,187.98
2026-03-08 22:00:00,SA1,-78.82
2026-03-08 22:00:00,TAS1,-10.46
2026-03-08 22:00:00,VIC1,1147.59
2026-03-08 23:00:00,NSW1,-965.21
2026-03-08 23:00:00,QLD1,402.34
2026-03-08 23:00:00,SA1,-225.64
2026-03-08 23:00:00,TAS1,0.0
2026-03-08 23:00:00,VIC1,855.48
2026-03-09 00:00:00,NSW1,-1003.8
2026-03-09 00:00:00,QLD1,486.14
2026-03-09 00:00:00,SA1,-348.84
2026-03-09 00:00:00,TAS1,0.0
2026-03-09 00:00:00,VIC1,937.51
2026-03-09 01:00:00,NSW1,-939.65
2026-03-09 01:00:00,QLD1,550.57
2026-03-09 01:00:00,SA1,-439.35
2026-03-09 01:00:00,TAS1,0.0
2026-03-09 01:00:00,VIC1,898.43
2026-03-09 02:00:00,NSW1,-1007.44
2026-03-09 02:00:00,QLD1,584.0
2026-03-09 02:00:00,SA1,-515.59
2026-03-09 02:00:00,TAS1,0.0
2026-03-09 02:00:00,VIC1,1025.33
2026-03-09 03:00:00,NSW1,-973.97
2026-03-09 03:00:00,QLD1,669.18
2026-03-09 03:00:00,SA1,-504.42
2026-03-09 03:00:00,TAS1,0.0
2026-03-09 03:00:00,VIC1,892.66
2026-03-09 04:00:00,NSW1,-1112.34
2026-03-09 04:00:00,QLD1,712.6
2026-03-09 04:00:00,SA1,-594.35
2026-03-09 04:00:00,TAS1,0.0
2026-03-09 04:00:00,VIC1,1103.8
2026-03-09 05:00:00,NSW1,-1255.44
2026-03-09 05:00:00,QLD1,599.59
2026-03-09 05:00:00,SA1,-550.67
2026-03-09 05:00:00,TAS1,0.0
2026-03-09 05:00:00,VIC1,1341.77
2026-03-09 06:00:00,NSW1,-1185.5
2026-03-09 06:00:00,QLD1,215.47
2026-03-09 06:00:00,SA1,-456.29
2026-03-09 06:00:00,TAS1,0.0
2026-03-09 06:00:00,VIC1,1595.06
2026-03-09 07:00:00,NSW1,-111.28
2026-03-09 07:00:00,QLD1,-66.21
2026-03-09 07:00:00,SA1,-456.57
2026-03-09 07:00:00,TAS1,-110.04
2026-03-09 07:00:00,VIC1,809.91
2026-03-09 08:00:00,NSW1,391.36
2026-03-09 08:00:00,QLD1,-118.97
2026-03-09 08:00:00,SA1,-181.66
2026-03-09 08:00:00,TAS1,-116.86
2026-03-09 08:00:00,VIC1,44.57
2026-03-09 09:00:00,NSW1,120.65
2026-03-09 09:00:00,QLD1,244.57
2026-03-09 09:00:00,SA1,-300.65
2026-03-09 09:00:00,TAS1,-99.43
2026-03-09 09:00:00,VIC1,31.78
2026-03-09 10:00:00,NSW1,68.03
2026-03-09 10:00:00,QLD1,300.52
2026-03-09 10:00:00,SA1,-273.43
2026-03-09 10:00:00,TAS1,-101.42
2026-03-09 10:00:00,VIC1,-5.43
2026-03-09 11:00:00,NSW1,-12.0
2026-03-09 11:00:00,QLD1,162.97
2026-03-09 11:00:00,SA1,-112.71
2026-03-09 11:00:00,TAS1,-108.71
2026-03-09 11:00:00,VIC1,83.47
2026-03-09 12:00:00,NSW1,-130.26
2026-03-09 12:00:00,QLD1,329.01
2026-03-09 12:00:00,SA1,-123.53
2026-03-09 12:00:00,TAS1,-96.71
2026-03-09 12:00:00,VIC1,29.88
2026-03-09 13:00:00,NSW1,299.43
2026-03-09 13:00:00,QLD1,131.28
2026-03-09 13:00:00,SA1,-235.95
2026-03-09 13:00:00,TAS1,-108.55
2026-03-09 13:00:00,VIC1,-111.93
2026-03-09 14:00:00,NSW1,535.65
2026-03-09 14:00:00,QLD1,-154.71
2026-03-09 14:00:00,SA1,-233.02
2026-03-09 14:00:00,TAS1,-96.78
2026-03-09 14:00:00,VIC1,-60.12
2026-03-09 15:00:00,NSW1,211.33
2026-03-09 15:00:00,QLD1,-82.27
2026-03-09 15:00:00,SA1,133.27
2026-03-09 15:00:00,TAS1,-94.94
2026-03-09 15:00:00,VIC1,-116.83
2026-03-09 16:00:00,NSW1,-130.19
2026-03-09 16:00:00,QLD1,151.77
2026-03-09 16:00:00,SA1,203.59
2026-03-09 16:00:00,TAS1,-96.42
2026-03-09 16:00:00,VIC1,-66.74
2026-03-09 17:00:00,NSW1,378.28
2026-03-09 17:00:00,QLD1,4.15
2026-03-09 17:00:00,SA1,-5.46
2026-03-09 17:00:00,TAS1,-108.52
2026-03-09 17:00:00,VIC1,-253.64
2026-03-09 18:00:00,NSW1,183.21
2026-03-09 18:00:00,QLD1,-458.7
2026-03-09 18:00:00,SA1,-129.5
2026-03-09 18:00:00,TAS1,-2.84
2026-03-09 18:00:00,VIC1,484.14
2026-03-09 19:00:00,NSW1,-193.44
2026-03-09 19:00:00,QLD1,-384.57
2026-03-09 19:00:00,SA1,-131.53
2026-03-09 19:00:00,TAS1,0.0
2026-03-09 19:00:00,VIC1,819.59
2026-03-09 20:00:00,NSW1,-291.58
2026-03-09 20:00:00,QLD1,-179.71
2026-03-09 20:00:00,SA1,-116.55
2026-03-09 20:00:00,TAS1,0.0
2026-03-09 20:00:00,VIC1,661.82
2026-03-09 21:00:00,NSW1,-538.65
2026-03-09 21:00:00,QLD1,-126.53
2026-03-09 21:00:00,SA1,-203.99
2026-03-09 21:00:00,TAS1,0.0
2026-03-09 21:00:00,VIC1,982.41
2026-03-09 22:00:00,NSW1,-396.94
2026-03-09 22:00:00,QLD1,-94.46
2026-03-09 22:00:00,SA1,-193.52
2026-03-09 22:00:00,TAS1,0.0
2026-03-09 22:00:00,VIC1,764.76
2026-03-09 23:00:00,NSW1,-264.43
2026-03-09 23:00:00,QLD1,-75.64
2026-03-09 23:00:00,SA1,-181.28
2026-03-09 23:00:00,TAS1,0.0
2026-03-09 23:00:00,VIC1,579.5
2026-03-10 00:00:00,NSW1,-400.45
2026-03-10 00:00:00,QLD1,96.79
2026-03-10 00:00:00,SA1,-188.63
2026-03-10 00:00:00,TAS1,0.0
2026-03-10 00:00:00,VIC1,550.45
2026-03-10 01:00:00,NSW1,-793.96
2026-03-10 01:00:00,QLD1,238.98
2026-03-10 01:00:00,SA1,-192.61
2026-03-10 01:00:00,TAS1,0.0
2026-03-10 01:00:00,VIC1,841.79
2026-03-10 02:00:00,NSW1,-977.62
2026-03-10 02:00:00,QLD1,390.65
2026-03-10 02:00:00,SA1,-197.31
2026-03-10 02:00:00,TAS1,0.0
2026-03-10 02:00:00,VIC1,891.35
2026-03-10 03:00:00,NSW1,-932.81
2026-03-10 03:00:00,QLD1,439.41
2026-03-10 03:00:00,SA1,-189.38
2026-03-10 03:00:00,TAS1,0.0
2026-03-10 03:00:00,VIC1,779.84
2026-03-10 04:00:00,NSW1,-1043.65
2026-03-10 04:00:00,QLD1,650.51
2026-03-10 04:00:00,SA1,-173.72
2026-03-10 04:00:00,TAS1,0.0
2026-03-10 04:00:00,VIC1,669.21
2026-03-10 05:00:00,NSW1,-990.87
2026-03-10 05:00:00,QLD1,591.34
2026-03-10 05:00:00,SA1,-165.51
2026-03-10 05:00:00,TAS1,0.0
2026-03-10 05:00:00,VIC1,660.01
2026-03-10 06:00:00,NSW1,-706.4
2026-03-10 06:00:00,QLD1,606.54
2026-03-10 06:00:00,SA1,-217.62
2026-03-10 06:00:00,TAS1,0.0
2026-03-10 06:00:00,VIC1,368.26
2026-03-10 07:00:00,NSW1,-115.88
2026-03-10 07:00:00,QLD1,512.2
2026-03-10 07:00:00,SA1,-178.95
2026-03-10 07:00:00,TAS1,-43.24
2026-03-10 07:00:00,VIC1,-165.07
2026-03-10 08:00:00,NSW1,-294.67
2026-03-10 08:00:00,QLD1,518.0
2026-03-10 08:00:00,SA1,-109.88
2026-03-10 08:00:00,TAS1,-122.23
2026-03-10 08:00:00,VIC1,56.81
2026-03-10 09:00:00,NSW1,-128.19
2026-03-10 09:00:00,QLD1,409.28
2026-03-10 09:00:00,SA1,-92.95
2026-03-10 09:00:00,TAS1,-103.7
2026-03-10 09:00:00,VIC1,-49.98
2026-03-10 10:00:00,NSW1,-339.9
2026-03-10 10:00:00,QLD1,594.61
2026-03-10 10:00:00,SA1,-126.53
2026-03-10 10:00:00,TAS1,-104.05
2026-03-10 10:00:00,VIC1,15.38
2026-03-10 11:00:00,NSW1,-187.55
2026-03-10 11:00:00,QLD1,412.83
2026-03-10 11:00:00,SA1,-134.21
2026-03-10 11:00:00,TAS1,-97.72
2026-03-10 11:00:00,VIC1,28.04
2026-03-10 12:00:00,NSW1,-182.42
2026-03-10 12:00:00,QLD1,432.85
2026-03-10 12:00:00,SA1,-334.05
2026-03-10 12:00:00,TAS1,-54.27
2026-03-10 12:00:00,VIC1,152.56
2026-03-10 13:00:00,NSW1,46.32
2026-03-10 13:00:00,QLD1,213.83
2026-03-10 13:00:00,SA1,-314.54
2026-03-10 13:00:00,TAS1,-60.24
2026-03-10 13:00:00,VIC1,121.15
2026-03-10 14:00:00,NSW1,426.29
2026-03-10 14:00:00,QLD1,-138.82
2026-03-10 14:00:00,SA1,-67.56
2026-03-10 14:00:00,TAS1,-86.36
2026-03-10 14:00:00,VIC1,-111.42
2026-03-10 15:00:00,NSW1,390.98
2026-03-10 15:00:00,QLD1,50.06
2026-03-10 15:00:00,SA1,-278.54
2026-03-10 15:00:00,TAS1,-9.11
2026-03-10 15:00:00,VIC1,-146.93
2026-03-10 16:00:00,NSW1,125.37
2026-03-10 16:00:00,QLD1,334.64
2026-03-10 16:00:00,SA1,-212.81
2026-03-10 16:00:00,TAS1,0.0
2026-03-10 16:00:00,VIC1,-239.61
2026-03-10 17:00:00,NSW1,-163.61
2026-03-10 17:00:00,QLD1,378.12
2026-03-10 17:00:00,SA1,-193.48
2026-03-10 17:00:00,TAS1,11.02
2026-03-10 17:00:00,VIC1,-49.47
2026-03-10 18:00:00,NSW1,-230.7
2026-03-10 18:00:00,QLD1,478.88
2026-03-10 18:00:00,SA1,-234.91
2026-03-10 18:00:00,TAS1,11.38
2026-03-10 18:00:00,VIC1,-32.5
2026-03-10 19:00:00,NSW1,-563.14
2026-03-10 19:00:00,QLD1,349.21
2026-03-10 19:00:00,SA1,-325.03
2026-03-10 19:00:00,TAS1,0.0
2026-03-10 19:00:00,VIC1,559.64
2026-03-10 20:00:00,NSW1,-822.68
2026-03-10 20:00:00,QLD1,224.59
2026-03-10 20:00:00,SA1,-188.4
2026-03-10 20:00:00,TAS1,0.0
2026-03-10 20:00:00,VIC1,834.79
2026-03-10 21:00:00,NSW1,-1029.0
2026-03-10 21:00:00,QLD1,291.53
2026-03-10 21:00:00,SA1,-92.12
2026-03-10 21:00:00,TAS1,0.0
2026-03-10 21:00:00,VIC1,908.32
2026-03-10 22:00:00,NSW1,-1295.24
2026-03-10 22:00:00,QLD1,365.57
2026-03-10 22:00:00,SA1,189.52
2026-03-10 22:00:00,TAS1,0.0
2026-03-10 22:00:00,VIC1,870.76
2026-03-10 23:00:00,NSW1,-1264.65
2026-03-10 23:00:00,QLD1,201.13
2026-03-10 23:00:00,SA1,501.94
2026-03-10 23:00:00,TAS1,-69.24
2026-03-10 23:00:00,VIC1,824.35
2026-03-11 00:00:00,NSW1,-1238.0
2026-03-11 00:00:00,QLD1,217.11
2026-03-11 00:00:00,SA1,430.54
2026-03-11 00:00:00,TAS1,-109.02
2026-03-11 00:00:00,VIC1,876.73
2026-03-11 01:00:00,NSW1,-1385.53
2026-03-11 01:00:00,QLD1,345.6
2026-03-11 01:00:00,SA1,230.15
2026-03-11 01:00:00,TAS1,-73.89
2026-03-11 01:00:00,VIC1,1058.6
2026-03-11 02:00:00,NSW1,-1420.45
2026-03-11 02:00:00,QLD1,433.32
2026-03-11 02:00:00,SA1,219.97
2026-03-11 02:00:00,TAS1,-103.61
2026-03-11 02:00:00,VIC1,1043.14
2026-03-11 03:00:00,NSW1,-1401.99
2026-03-11 03:00:00,QLD1,422.79
2026-03-11 03:00:00,SA1,285.35
2026-03-11 03:00:00,TAS1,-103.15
2026-03-11 03:00:00,VIC1,970.32
2026-03-11 04:00:00,NSW1,-1349.78
2026-03-11 04:00:00,QLD1,391.65
2026-03-11 04:00:00,SA1,295.42
2026-03-11 04:00:00,TAS1,-93.35
2026-03-11 04:00:00,VIC1,922.99
2026-03-11 05:00:00,NSW1,-1364.94
2026-03-11 05:00:00,QLD1,394.18
2026-03-11 05:00:00,SA1,310.49
2026-03-11 05:00:00,TAS1,-94.39
2026-03-11 05:00:00,VIC1,923.86
2026-03-11 06:00:00,NSW1,-1546.6
2026-03-11 06:00:00,QLD1,623.94
2026-03-11 06:00:00,SA1,385.94
2026-03-11 06:00:00,TAS1,-104.36
2026-03-11 06:00:00,VIC1,810.12
2026-03-11 07:00:00,NSW1,-1163.62
2026-03-11 07:00:00,QLD1,757.45
2026-03-11 07:00:00,SA1,150.35
2026-03-11 07:00:00,TAS1,-103.81
2026-03-11 07:00:00,VIC1,474.16
2026-03-11 08:00:00,NSW1,-188.28
2026-03-11 08:00:00,QLD1,263.33
2026-03-11 08:00:00,SA1,-98.18
2026-03-11 08:00:00,TAS1,-113.4
2026-03-11 08:00:00,VIC1,177.2
2026-03-11 09:00:00,NSW1,104.47
2026-03-11 09:00:00,QLD1,67.59
2026-03-11 09:00:00,SA1,171.05
2026-03-11 09:00:00,TAS1,-98.89
2026-03-11 09:00:00,VIC1,-166.51
2026-03-11 10:00:00,NSW1,239.85
2026-03-11 10:00:00,QLD1,385.26
2026-03-11 10:00:00,SA1,440.6
2026-03-11 10:00:00,TAS1,-112.65
2026-03-11 10:00:00,VIC1,-829.52
2026-03-11 11:00:00,NSW1,218.53
2026-03-11 11:00:00,QLD1,526.1
2026-03-11 11:00:00,SA1,521.9
2026-03-11 11:00:00,TAS1,-86.53
2026-03-11 11:00:00,VIC1,-1058.35
2026-03-11 12:00:00,NSW1,456.69
2026-03-11 12:00:00,QLD1,139.17
2026-03-11 12:00:00,SA1,434.01
2026-03-11 12:00:00,TAS1,-93.28
2026-03-11 12:00:00,VIC1,-852.58
2026-03-11 13:00:00,NSW1,706.01
2026-03-11 13:00:00,QLD1,-272.07
2026-03-11 13:00:00,SA1,160.69
2026-03-11 13:00:00,TAS1,-98.1
2026-03-11 13:00:00,VIC1,-429.31
2026-03-11 14:00:00,NSW1,704.43
2026-03-11 14:00:00,QLD1,123.02
2026-03-11 14:00:00,SA1,-45.74
2026-03-11 14:00:00,TAS1,-126.17
2026-03-11 14:00:00,VIC1,-639.15
2026-03-11 15:00:00,NSW1,48.76
2026-03-11 15:00:00,QLD1,591.21
2026-03-11 15:00:00,SA1,-41.17
2026-03-11 15:00:00,TAS1,-123.72
2026-03-11 15:00:00,VIC1,-457.76
2026-03-11 16:00:00,NSW1,0.16
2026-03-11 16:00:00,QLD1,412.41
2026-03-11 16:00:00,SA1,-214.49
2026-03-11 16:00:00,TAS1,-91.78
2026-03-11 16:00:00,VIC1,-92.11
2026-03-11 17:00:00,NSW1,-248.8
2026-03-11 17:00:00,QLD1,263.07
2026-03-11 17:00:00,SA1,-286.13
2026-03-11 17:00:00,TAS1,-94.23
2026-03-11 17:00:00,VIC1,391.52
2026-03-11 18:00:00,NSW1,-255.44
2026-03-11 18:00:00,QLD1,126.02
2026-03-11 18:00:00,SA1,-178.94
2026-03-11 18:00:00,TAS1,-107.48
2026-03-11 18:00:00,VIC1,464.07
2026-03-11 19:00:00,NSW1,-174.03
2026-03-11 19:00:00,QLD1,4.47
2026-03-11 19:00:00,SA1,-146.51
2026-03-11 19:00:00,TAS1,-91.77
2026-03-11 19:00:00,VIC1,425.62
2026-03-11 20:00:00,NSW1,-316.36
2026-03-11 20:00:00,QLD1,-21.07
2026-03-11 20:00:00,SA1,-40.86
2026-03-11 20:00:00,TAS1,-97.11
2026-03-11 20:00:00,VIC1,507.46
2026-03-11 21:00:00,NSW1,-381.46
2026-03-11 21:00:00,QLD1,34.33
2026-03-11 21:00:00,SA1,-0.84
2026-03-11 21:00:00,TAS1,-97.4
2026-03-11 21:00:00,VIC1,475.69
2026-03-11 22:00:00,NSW1,-746.41
2026-03-11 22:00:00,QLD1,156.64
2026-03-11 22:00:00,SA1,73.7
2026-03-11 22:00:00,TAS1,-93.04
2026-03-11 22:00:00,VIC1,671.97
2026-03-11 23:00:00,NSW1,-1038.9
2026-03-11 23:00:00,QLD1,291.83
2026-03-11 23:00:00,SA1,55.3
2026-03-11 23:00:00,TAS1,-57.42
2026-03-11 23:00:00,VIC1,839.64
2026-03-12 00:00:00,NSW1,-1038.37
2026-03-12 00:00:00,QLD1,224.27
2026-03-12 00:00:00,SA1,2.39
2026-03-12 00:00:00,TAS1,-67.64
2026-03-12 00:00:00,VIC1,973.98
2026-03-12 01:00:00,NSW1,-933.65
2026-03-12 01:00:00,QLD1,139.04
2026-03-12 01:00:00,SA1,-24.11
2026-03-12 01:00:00,TAS1,-103.66
2026-03-12 01:00:00,VIC1,1010.14
2026-03-12 02:00:00,NSW1,-1026.66
2026-03-12 02:00:00,QLD1,110.18
2026-03-12 02:00:00,SA1,-108.97
2026-03-12 02:00:00,TAS1,-106.66
2026-03-12 02:00:00,VIC1,1266.61
2026-03-12 03:00:00,NSW1,-1076.9
2026-03-12 03:00:00,QLD1,145.73
2026-03-12 03:00:00,SA1,-166.37
2026-03-12 03:00:00,TAS1,-90.13
2026-03-12 03:00:00,VIC1,1344.41
2026-03-12 04:00:00,NSW1,-1027.63
2026-03-12 04:00:00,QLD1,105.54
2026-03-12 04:00:00,SA1,-153.52
2026-03-12 04:00:00,TAS1,0.0
2026-03-12 04:00:00,VIC1,1210.35
2026-03-12 14:00:00,NSW1,533.24
2026-03-12 14:00:00,QLD1,-20.63
2026-03-12 14:00:00,SA1,-458.84
2026-03-12 14:00:00,TAS1,-92.02
2026-03-12 14:00:00,VIC1,48.93
2026-03-12 15:00:00,NSW1,479.23
2026-03-12 15:00:00,QLD1,-7.16
2026-03-12 15:00:00,SA1,-501.4
2026-03-12 15:00:00,TAS1,-55.4
2026-03-12 15:00:00,VIC1,96.32
2026-03-12 16:00:00,NSW1,320.83
2026-03-12 16:00:00,QLD1,9.22
2026-03-12 16:00:00,SA1,-553.77
2026-03-12 16:00:00,TAS1,-88.54
2026-03-12 16:00:00,VIC1,332.41
